Workbook

Sheet 原始数据
A1: 药品/复板 | B1: DMSO（64） | C1: 对照（旧） | D1: 小檗碱（64） | E1: 小檗碱（32） | F1: 小檗碱（16） | G1: DMSO（16） | H1: 汉黄芩素（64） | I1: 汉黄芩素（32） | J1: 汉黄芩素（16） | K1: 黄芩素（64） | L1: 黄芩素（32） | M1: 黄芩素（16） | N1: 大黄素（16） | O1: 大黄素（8） | P1: 大黄素（4） | Q1: 对照（新）
A2: 1 | B2: 244 | C2: 328 | D2: 0 | E2: 309 | F2: 532 | G2: 696 | H2: 800 | I2: 732 | J2: 854 | K2: 0 | L2: 476 | M2: 668 | N2: 0 | O2: 294 | P2: 308 | Q2: 726
A3: 2 | B3: 229 | C3: 302 | D3: 0 | F3: 484 | G3: 636 | H3: 755 | I3: 783 | J3: 821 | K3: 0 | L3: 481 | M3: 654 | N3: 0 | O3: 295 | P3: 324 | Q3: 711
A4: 3 | G4: 687 | H4: 771 | I4: 802 | J4: 761 | K4: 0 | L4: 597 | M4: 641 | N4: 0 | O4: 284 | P4: 311 | Q4: 672
A5: 来源说明 | B5: 体外抗菌.xlsx / Sheet1；A2:A4 为复板编号，空白表示原表未记录。
A6: 原表换算规则 | B6: CFU/mL = 菌落数 × 10^6（原表注明：稀释 5 次、取 0.1 mL）
A7: 浓度单位 | B7: 已经作者确认：抗菌实验表内 16/32/64 等数值的单位与正文一致，均为 μg/mL。
A8: 原表备注 | B8: 对照（旧）标注“有问题”；复板均值按实际非空复板计算。

Sheet 全组汇总
A1: 组别 | B1: 原表浓度标识（μg/mL） | C1: 复板1 | D1: 复板2 | E1: 复板3 | F1: 有效复板数 | G1: 菌落均值 | H1: 菌落SD | I1: 均值CFU/mL | J1: 记录完整性
A2: DMSO | B2: 64 | C2: =IF('原始数据'!B2="","",'原始数据'!B2) | D2: =IF('原始数据'!B3="","",'原始数据'!B3) | E2: =IF('原始数据'!B4="","",'原始数据'!B4) | F2: =COUNT(C2:E2) | G2: =IF(F2>0,AVERAGE(C2:E2),"") | H2: =IF(F2>1,STDEV.S(C2:E2),"") | I2: =IF(F2>0,G2*1000000,"") | J2: =IF(F2=3,"3个复板",IF(F2=0,"无复板记录","仅"&F2&"个复板"))
A3: 对照 | B3: 旧 | C3: =IF('原始数据'!C2="","",'原始数据'!C2) | D3: =IF('原始数据'!C3="","",'原始数据'!C3) | E3: =IF('原始数据'!C4="","",'原始数据'!C4) | F3: =COUNT(C3:E3) | G3: =IF(F3>0,AVERAGE(C3:E3),"") | H3: =IF(F3>1,STDEV.S(C3:E3),"") | I3: =IF(F3>0,G3*1000000,"") | J3: =IF(F3=3,"3个复板",IF(F3=0,"无复板记录","仅"&F3&"个复板"))
A4: 小檗碱 | B4: 64 | C4: =IF('原始数据'!D2="","",'原始数据'!D2) | D4: =IF('原始数据'!D3="","",'原始数据'!D3) | E4: =IF('原始数据'!D4="","",'原始数据'!D4) | F4: =COUNT(C4:E4) | G4: =IF(F4>0,AVERAGE(C4:E4),"") | H4: =IF(F4>1,STDEV.S(C4:E4),"") | I4: =IF(F4>0,G4*1000000,"") | J4: =IF(F4=3,"3个复板",IF(F4=0,"无复板记录","仅"&F4&"个复板"))
A5: 小檗碱 | B5: 32 | C5: =IF('原始数据'!E2="","",'原始数据'!E2) | D5: =IF('原始数据'!E3="","",'原始数据'!E3) | E5: =IF('原始数据'!E4="","",'原始数据'!E4) | F5: =COUNT(C5:E5) | G5: =IF(F5>0,AVERAGE(C5:E5),"") | H5: =IF(F5>1,STDEV.S(C5:E5),"") | I5: =IF(F5>0,G5*1000000,"") | J5: =IF(F5=3,"3个复板",IF(F5=0,"无复板记录","仅"&F5&"个复板"))
A6: 小檗碱 | B6: 16 | C6: =IF('原始数据'!F2="","",'原始数据'!F2) | D6: =IF('原始数据'!F3="","",'原始数据'!F3) | E6: =IF('原始数据'!F4="","",'原始数据'!F4) | F6: =COUNT(C6:E6) | G6: =IF(F6>0,AVERAGE(C6:E6),"") | H6: =IF(F6>1,STDEV.S(C6:E6),"") | I6: =IF(F6>0,G6*1000000,"") | J6: =IF(F6=3,"3个复板",IF(F6=0,"无复板记录","仅"&F6&"个复板"))
A7: DMSO | B7: 16 | C7: =IF('原始数据'!G2="","",'原始数据'!G2) | D7: =IF('原始数据'!G3="","",'原始数据'!G3) | E7: =IF('原始数据'!G4="","",'原始数据'!G4) | F7: =COUNT(C7:E7) | G7: =IF(F7>0,AVERAGE(C7:E7),"") | H7: =IF(F7>1,STDEV.S(C7:E7),"") | I7: =IF(F7>0,G7*1000000,"") | J7: =IF(F7=3,"3个复板",IF(F7=0,"无复板记录","仅"&F7&"个复板"))
A8: 汉黄芩素 | B8: 64 | C8: =IF('原始数据'!H2="","",'原始数据'!H2) | D8: =IF('原始数据'!H3="","",'原始数据'!H3) | E8: =IF('原始数据'!H4="","",'原始数据'!H4) | F8: =COUNT(C8:E8) | G8: =IF(F8>0,AVERAGE(C8:E8),"") | H8: =IF(F8>1,STDEV.S(C8:E8),"") | I8: =IF(F8>0,G8*1000000,"") | J8: =IF(F8=3,"3个复板",IF(F8=0,"无复板记录","仅"&F8&"个复板"))
A9: 汉黄芩素 | B9: 32 | C9: =IF('原始数据'!I2="","",'原始数据'!I2) | D9: =IF('原始数据'!I3="","",'原始数据'!I3) | E9: =IF('原始数据'!I4="","",'原始数据'!I4) | F9: =COUNT(C9:E9) | G9: =IF(F9>0,AVERAGE(C9:E9),"") | H9: =IF(F9>1,STDEV.S(C9:E9),"") | I9: =IF(F9>0,G9*1000000,"") | J9: =IF(F9=3,"3个复板",IF(F9=0,"无复板记录","仅"&F9&"个复板"))
A10: 汉黄芩素 | B10: 16 | C10: =IF('原始数据'!J2="","",'原始数据'!J2) | D10: =IF('原始数据'!J3="","",'原始数据'!J3) | E10: =IF('原始数据'!J4="","",'原始数据'!J4) | F10: =COUNT(C10:E10) | G10: =IF(F10>0,AVERAGE(C10:E10),"") | H10: =IF(F10>1,STDEV.S(C10:E10),"") | I10: =IF(F10>0,G10*1000000,"") | J10: =IF(F10=3,"3个复板",IF(F10=0,"无复板记录","仅"&F10&"个复板"))
A11: 黄芩素 | B11: 64 | C11: =IF('原始数据'!K2="","",'原始数据'!K2) | D11: =IF('原始数据'!K3="","",'原始数据'!K3) | E11: =IF('原始数据'!K4="","",'原始数据'!K4) | F11: =COUNT(C11:E11) | G11: =IF(F11>0,AVERAGE(C11:E11),"") | H11: =IF(F11>1,STDEV.S(C11:E11),"") | I11: =IF(F11>0,G11*1000000,"") | J11: =IF(F11=3,"3个复板",IF(F11=0,"无复板记录","仅"&F11&"个复板"))
A12: 黄芩素 | B12: 32 | C12: =IF('原始数据'!L2="","",'原始数据'!L2) | D12: =IF('原始数据'!L3="","",'原始数据'!L3) | E12: =IF('原始数据'!L4="","",'原始数据'!L4) | F12: =COUNT(C12:E12) | G12: =IF(F12>0,AVERAGE(C12:E12),"") | H12: =IF(F12>1,STDEV.S(C12:E12),"") | I12: =IF(F12>0,G12*1000000,"") | J12: =IF(F12=3,"3个复板",IF(F12=0,"无复板记录","仅"&F12&"个复板"))
A13: 黄芩素 | B13: 16 | C13: =IF('原始数据'!M2="","",'原始数据'!M2) | D13: =IF('原始数据'!M3="","",'原始数据'!M3) | E13: =IF('原始数据'!M4="","",'原始数据'!M4) | F13: =COUNT(C13:E13) | G13: =IF(F13>0,AVERAGE(C13:E13),"") | H13: =IF(F13>1,STDEV.S(C13:E13),"") | I13: =IF(F13>0,G13*1000000,"") | J13: =IF(F13=3,"3个复板",IF(F13=0,"无复板记录","仅"&F13&"个复板"))
A14: 大黄素 | B14: 16 | C14: =IF('原始数据'!N2="","",'原始数据'!N2) | D14: =IF('原始数据'!N3="","",'原始数据'!N3) | E14: =IF('原始数据'!N4="","",'原始数据'!N4) | F14: =COUNT(C14:E14) | G14: =IF(F14>0,AVERAGE(C14:E14),"") | H14: =IF(F14>1,STDEV.S(C14:E14),"") | I14: =IF(F14>0,G14*1000000,"") | J14: =IF(F14=3,"3个复板",IF(F14=0,"无复板记录","仅"&F14&"个复板"))
A15: 大黄素 | B15: 8 | C15: =IF('原始数据'!O2="","",'原始数据'!O2) | D15: =IF('原始数据'!O3="","",'原始数据'!O3) | E15: =IF('原始数据'!O4="","",'原始数据'!O4) | F15: =COUNT(C15:E15) | G15: =IF(F15>0,AVERAGE(C15:E15),"") | H15: =IF(F15>1,STDEV.S(C15:E15),"") | I15: =IF(F15>0,G15*1000000,"") | J15: =IF(F15=3,"3个复板",IF(F15=0,"无复板记录","仅"&F15&"个复板"))
A16: 大黄素 | B16: 4 | C16: =IF('原始数据'!P2="","",'原始数据'!P2) | D16: =IF('原始数据'!P3="","",'原始数据'!P3) | E16: =IF('原始数据'!P4="","",'原始数据'!P4) | F16: =COUNT(C16:E16) | G16: =IF(F16>0,AVERAGE(C16:E16),"") | H16: =IF(F16>1,STDEV.S(C16:E16),"") | I16: =IF(F16>0,G16*1000000,"") | J16: =IF(F16=3,"3个复板",IF(F16=0,"无复板记录","仅"&F16&"个复板"))
A17: 对照 | B17: 新 | C17: =IF('原始数据'!Q2="","",'原始数据'!Q2) | D17: =IF('原始数据'!Q3="","",'原始数据'!Q3) | E17: =IF('原始数据'!Q4="","",'原始数据'!Q4) | F17: =COUNT(C17:E17) | G17: =IF(F17>0,AVERAGE(C17:E17),"") | H17: =IF(F17>1,STDEV.S(C17:E17),"") | I17: =IF(F17>0,G17*1000000,"") | J17: =IF(F17=3,"3个复板",IF(F17=0,"无复板记录","仅"&F17&"个复板"))
A19: 说明 | B19: 均值与 SD 均按非空复板计算；仅 1 个复板时不计算 SD。CFU/mL 使用原表 ×10^6 规则。

Sheet 黄芩素核对
A1: 组别 | B1: 浓度（μg/mL） | C1: 复板1 | D1: 复板2 | E1: 复板3 | F1: n | G1: 菌落均值 | H1: SD | I1: CFU/mL均值 | J1: 相对新对照存活率(%)
A2: 对照（新） | B2: 新 | C2: =IF('原始数据'!Q2="","",'原始数据'!Q2) | D2: =IF('原始数据'!Q3="","",'原始数据'!Q3) | E2: =IF('原始数据'!Q4="","",'原始数据'!Q4) | F2: =COUNT(C2:E2) | G2: =AVERAGE(C2:E2) | H2: =STDEV.S(C2:E2) | I2: =G2*1000000 | J2: =G2/$G$2*100
A3: 黄芩素（16） | B3: 16 | C3: =IF('原始数据'!M2="","",'原始数据'!M2) | D3: =IF('原始数据'!M3="","",'原始数据'!M3) | E3: =IF('原始数据'!M4="","",'原始数据'!M4) | F3: =COUNT(C3:E3) | G3: =AVERAGE(C3:E3) | H3: =STDEV.S(C3:E3) | I3: =G3*1000000 | J3: =G3/$G$2*100
A4: 黄芩素（32） | B4: 32 | C4: =IF('原始数据'!L2="","",'原始数据'!L2) | D4: =IF('原始数据'!L3="","",'原始数据'!L3) | E4: =IF('原始数据'!L4="","",'原始数据'!L4) | F4: =COUNT(C4:E4) | G4: =AVERAGE(C4:E4) | H4: =STDEV.S(C4:E4) | I4: =G4*1000000 | J4: =G4/$G$2*100
A5: 黄芩素（64） | B5: 64 | C5: =IF('原始数据'!K2="","",'原始数据'!K2) | D5: =IF('原始数据'!K3="","",'原始数据'!K3) | E5: =IF('原始数据'!K4="","",'原始数据'!K4) | F5: =COUNT(C5:E5) | G5: =AVERAGE(C5:E5) | H5: =STDEV.S(C5:E5) | I5: =G5*1000000 | J5: =G5/$G$2*100
A7: 核对结论 | B7: 黄芩素 16/32/64 μg/mL 三档均有 3 个非空复板；64 μg/mL 三复板均为 0。该独立批次已补入正文图 6E，不与原单浓度面板合并统计。
A8: 统计口径 | B8: 图中展示 mean±SD 和 3 个复板散点；复板属性仍按实验记录核查，不新增显著性检验。

Sheet 说明与来源
A1: 项目 | B1: SHXD–PJI 抗菌数据核对与统计 v87
A2: 原始文件 | B2: 体外抗菌.xlsx（2026-10-29 附件复制件）
A3: 原始工作表 | B3: Sheet1；Sheet2、Sheet3 为空
A4: 数据来源 | B4: 用户提供的实验记录；未使用图片估算菌落数。
A5: 换算规则 | B5: 原表注明：菌落数 × 10^6 = CFU/mL（稀释 5 次、取 0.1 mL）。
A6: 可用记录 | B6: 黄芩素 16/32/64 μg/mL 三档与新对照均有 3 个非空复板，已复算均值、SD、CFU/mL 和相对新对照存活率。
A7: 未确认字段 | B7: 浓度单位已确认为 μg/mL；复板是否独立生物学重复、实验日期、批次和缺失复板原因仍需实验记录确认。
A8: 排除规则 | B8: 旧对照由原表标注“有问题”；不用于新对照归一化。空白复板不按 0 处理；单复板组不计算 SD。
A9: 正文处理 | B9: v87 正文图 6E 已加入独立的黄芩素浓度梯度面板；原 A—D 单浓度面板与 E 不混合计算。
