Workbook

Sheet 核对摘要
B1: WB 原始全膜与灰度核对摘要
B3: 数据源 | C3: 10.14灰度值(1).xlsx
B4: 内参 | C4: β-actin（按用户确认沿用；原始表为 actin 行）
B5: 重复 | C5: rep1／rep2／rep3；每组 n=3
B6: 分组顺序 | C6: Control／HKSA+Baicalein／HKSA
B7: 原始全膜 | C7: rep1／rep2／rep3 TIFF 已归档并生成缩略核对图；核对图不用于重新定量
B8: 核对范围 | C8: 由原灰度表重算比率、核占比、均值、样本 SD 与 ANOVA/Bonferroni；未重新圈选条带
B11: p-IκBα/IκBα 诱导增量抑制率 | C11: 公式 | D11: =('组均值与SD'!F4-'组均值与SD'!E4)/('组均值与SD'!F4-'组均值与SD'!D4)
B12: v91 正文 | D12: 0.646
B13: 核对 | D13: =IF(ROUND(D11*100,1)=ROUND(D12*100,1),"一致","需核查")
B15: 精确 P 值提示 | C15: p-IκBα/IκBα：Control vs HKSA+Baicalein 按等方差 Student t 检验并作 3 次 Bonferroni 校正，精确 P=0.002944，三位小数为 0.003，与 v91 正文一致。旧绘图统计文件中的 Welch 未校正 P 不再用于图 5。
B18: 均值与 SD 总结 | C18: =IF(COUNTIF('现稿核对'!J4:J15,"需核查")=0,"正文列出的四项指标均值与 SD 均按三位小数一致","存在需核查项")
B20: 主要比较 P 值
C21: 指标 | D21: 比较 | E21: Bonferroni P
C22: p-IκBα/IκBα | D22: Control vs HKSA+Baicalein | E22: ='两两比较'!I4
C23: p-IκBα/IκBα | D23: Control vs HKSA | E23: ='两两比较'!I5
C24: p-IκBα/IκBα | D24: HKSA+Baicalein vs HKSA | E24: ='两两比较'!I6

Sheet 原始灰度
B1: WB 原始灰度值（来源工作簿逐格转录）
B3: 蛋白 | C3: rep1 Control | D3: rep1 HKSA+Baicalein | E3: rep1 HKSA | F3: rep2 Control | G3: rep2 HKSA+Baicalein | H3: rep2 HKSA | I3: rep3 Control | J3: rep3 HKSA+Baicalein | K3: rep3 HKSA
B4: p-IκBα | C4: 12036 | D4: 23231 | E4: 42099 | F4: 10244 | G4: 20781 | H4: 41287 | I4: 11736 | J4: 21259 | K4: 40463
B5: IκBα | C5: 42832 | D5: 41418 | E5: 44816 | F5: 43594 | G5: 43045 | H5: 42127 | I5: 41977 | J5: 42976 | K5: 41532
B6: p-p65 | C6: 5560 | D6: 16811 | E6: 32907 | F6: 5234 | G6: 15312 | H6: 32239 | I6: 5028 | J6: 15726 | K6: 31371
B7: p65 | C7: 43512 | D7: 42634 | E7: 42674 | F7: 41857 | G7: 41195 | H7: 41599 | I7: 42159 | J7: 41810 | K7: 40342
B8: Nuclear p65 | C8: 10033 | D8: 19782 | E8: 42412 | F8: 9120 | G8: 18798 | H8: 40165 | I8: 9896 | J8: 19651 | K8: 41995
B9: Cytoplasmic p65 | C9: 44166 | D9: 19074 | E9: 11473 | F9: 41198 | G9: 20576 | H9: 10113 | I9: 40066 | J9: 18462 | K9: 11061
B10: β-actin | C10: 44532 | D10: 41336 | E10: 42138 | F10: 45481 | G10: 43657 | H10: 42415 | I10: 41890 | J10: 41255 | K10: 40185
B12: 来源 | C12: 06_source_material/wetlab_wb_raw_20261030/10.14灰度值(1).xlsx
B13: 来源位置 | C13: Sheet1：rep1=C:E；rep2=G:I；rep3=K:M；组序均为 Control／HKSA+Baicalein／HKSA
B14: 内参口径 | C14: 原表 actin 行；按用户确认在稿件中写为 β-actin，不改写为 GAPDH

Sheet 原始单元格映射
B1: 原始灰度单元格映射
B3: 蛋白 | C3: 重复 | D3: 分组 | E3: 来源单元格 | F3: 原始数值
B4: p-IκBα | C4: rep1 | D4: Control | E4: Sheet1!C2 | F4: 12036
B5: p-IκBα | C5: rep1 | D5: HKSA+Baicalein | E5: Sheet1!D2 | F5: 23231
B6: p-IκBα | C6: rep1 | D6: HKSA | E6: Sheet1!E2 | F6: 42099
B7: p-IκBα | C7: rep2 | D7: Control | E7: Sheet1!G2 | F7: 10244
B8: p-IκBα | C8: rep2 | D8: HKSA+Baicalein | E8: Sheet1!H2 | F8: 20781
B9: p-IκBα | C9: rep2 | D9: HKSA | E9: Sheet1!I2 | F9: 41287
B10: p-IκBα | C10: rep3 | D10: Control | E10: Sheet1!K2 | F10: 11736
B11: p-IκBα | C11: rep3 | D11: HKSA+Baicalein | E11: Sheet1!L2 | F11: 21259
B12: p-IκBα | C12: rep3 | D12: HKSA | E12: Sheet1!M2 | F12: 40463
B13: IκBα | C13: rep1 | D13: Control | E13: Sheet1!C3 | F13: 42832
B14: IκBα | C14: rep1 | D14: HKSA+Baicalein | E14: Sheet1!D3 | F14: 41418
B15: IκBα | C15: rep1 | D15: HKSA | E15: Sheet1!E3 | F15: 44816
... B66: β-actin | C66: rep3 | D66: HKSA | E66: Sheet1!M10 | F66: 40185

Sheet 逐重复计算
B1: 逐重复派生指标（全部公式）
B3: 指标 | C3: 重复 | D3: Control | E3: HKSA+Baicalein | F3: HKSA
B4: p-IκBα/IκBα | C4: rep1 | D4: ='原始灰度'!C4/'原始灰度'!C5 | E4: ='原始灰度'!D4/'原始灰度'!D5 | F4: ='原始灰度'!E4/'原始灰度'!E5
B5: p-IκBα/IκBα | C5: rep2 | D5: ='原始灰度'!F4/'原始灰度'!F5 | E5: ='原始灰度'!G4/'原始灰度'!G5 | F5: ='原始灰度'!H4/'原始灰度'!H5
B6: p-IκBα/IκBα | C6: rep3 | D6: ='原始灰度'!I4/'原始灰度'!I5 | E6: ='原始灰度'!J4/'原始灰度'!J5 | F6: ='原始灰度'!K4/'原始灰度'!K5
B7: p-p65/p65 | C7: rep1 | D7: ='原始灰度'!C6/'原始灰度'!C7 | E7: ='原始灰度'!D6/'原始灰度'!D7 | F7: ='原始灰度'!E6/'原始灰度'!E7
B8: p-p65/p65 | C8: rep2 | D8: ='原始灰度'!F6/'原始灰度'!F7 | E8: ='原始灰度'!G6/'原始灰度'!G7 | F8: ='原始灰度'!H6/'原始灰度'!H7
B9: p-p65/p65 | C9: rep3 | D9: ='原始灰度'!I6/'原始灰度'!I7 | E9: ='原始灰度'!J6/'原始灰度'!J7 | F9: ='原始灰度'!K6/'原始灰度'!K7
B10: Nuclear/Cytoplasmic p65 | C10: rep1 | D10: ='原始灰度'!C8/'原始灰度'!C9 | E10: ='原始灰度'!D8/'原始灰度'!D9 | F10: ='原始灰度'!E8/'原始灰度'!E9
B11: Nuclear/Cytoplasmic p65 | C11: rep2 | D11: ='原始灰度'!F8/'原始灰度'!F9 | E11: ='原始灰度'!G8/'原始灰度'!G9 | F11: ='原始灰度'!H8/'原始灰度'!H9
B12: Nuclear/Cytoplasmic p65 | C12: rep3 | D12: ='原始灰度'!I8/'原始灰度'!I9 | E12: ='原始灰度'!J8/'原始灰度'!J9 | F12: ='原始灰度'!K8/'原始灰度'!K9
B13: Nuclear p65 fraction | C13: rep1 | D13: ='原始灰度'!C8/('原始灰度'!C8+'原始灰度'!C9) | E13: ='原始灰度'!D8/('原始灰度'!D8+'原始灰度'!D9) | F13: ='原始灰度'!E8/('原始灰度'!E8+'原始灰度'!E9)
B14: Nuclear p65 fraction | C14: rep2 | D14: ='原始灰度'!F8/('原始灰度'!F8+'原始灰度'!F9) | E14: ='原始灰度'!G8/('原始灰度'!G8+'原始灰度'!G9) | F14: ='原始灰度'!H8/('原始灰度'!H8+'原始灰度'!H9)
B15: Nuclear p65 fraction | C15: rep3 | D15: ='原始灰度'!I8/('原始灰度'!I8+'原始灰度'!I9) | E15: ='原始灰度'!J8/('原始灰度'!J8+'原始灰度'!J9) | F15: ='原始灰度'!K8/('原始灰度'!K8+'原始灰度'!K9)
B16: Cytoplasmic p65 fraction | C16: rep1 | D16: ='原始灰度'!C9/('原始灰度'!C8+'原始灰度'!C9) | E16: ='原始灰度'!D9/('原始灰度'!D8+'原始灰度'!D9) | F16: ='原始灰度'!E9/('原始灰度'!E8+'原始灰度'!E9)
B17: Cytoplasmic p65 fraction | C17: rep2 | D17: ='原始灰度'!F9/('原始灰度'!F8+'原始灰度'!F9) | E17: ='原始灰度'!G9/('原始灰度'!G8+'原始灰度'!G9) | F17: ='原始灰度'!H9/('原始灰度'!H8+'原始灰度'!H9)
B18: Cytoplasmic p65 fraction | C18: rep3 | D18: ='原始灰度'!I9/('原始灰度'!I8+'原始灰度'!I9) | E18: ='原始灰度'!J9/('原始灰度'!J8+'原始灰度'!J9) | F18: ='原始灰度'!K9/('原始灰度'!K8+'原始灰度'!K9)

Sheet 组均值与SD
B1: 组均值与样本标准差（n=3，全部公式）
B3: 指标 | C3: 统计量 | D3: Control | E3: HKSA+Baicalein | F3: HKSA
B4: p-IκBα/IκBα | C4: Mean | D4: =AVERAGE('逐重复计算'!D4,'逐重复计算'!D5,'逐重复计算'!D6) | E4: =AVERAGE('逐重复计算'!E4,'逐重复计算'!E5,'逐重复计算'!E6) | F4: =AVERAGE('逐重复计算'!F4,'逐重复计算'!F5,'逐重复计算'!F6)
C5: Sample SD | D5: =STDEV.S('逐重复计算'!D4,'逐重复计算'!D5,'逐重复计算'!D6) | E5: =STDEV.S('逐重复计算'!E4,'逐重复计算'!E5,'逐重复计算'!E6) | F5: =STDEV.S('逐重复计算'!F4,'逐重复计算'!F5,'逐重复计算'!F6)
B6: p-p65/p65 | C6: Mean | D6: =AVERAGE('逐重复计算'!D7,'逐重复计算'!D8,'逐重复计算'!D9) | E6: =AVERAGE('逐重复计算'!E7,'逐重复计算'!E8,'逐重复计算'!E9) | F6: =AVERAGE('逐重复计算'!F7,'逐重复计算'!F8,'逐重复计算'!F9)
C7: Sample SD | D7: =STDEV.S('逐重复计算'!D7,'逐重复计算'!D8,'逐重复计算'!D9) | E7: =STDEV.S('逐重复计算'!E7,'逐重复计算'!E8,'逐重复计算'!E9) | F7: =STDEV.S('逐重复计算'!F7,'逐重复计算'!F8,'逐重复计算'!F9)
B8: Nuclear/Cytoplasmic p65 | C8: Mean | D8: =AVERAGE('逐重复计算'!D10,'逐重复计算'!D11,'逐重复计算'!D12) | E8: =AVERAGE('逐重复计算'!E10,'逐重复计算'!E11,'逐重复计算'!E12) | F8: =AVERAGE('逐重复计算'!F10,'逐重复计算'!F11,'逐重复计算'!F12)
C9: Sample SD | D9: =STDEV.S('逐重复计算'!D10,'逐重复计算'!D11,'逐重复计算'!D12) | E9: =STDEV.S('逐重复计算'!E10,'逐重复计算'!E11,'逐重复计算'!E12) | F9: =STDEV.S('逐重复计算'!F10,'逐重复计算'!F11,'逐重复计算'!F12)
B10: Nuclear p65 fraction | C10: Mean | D10: =AVERAGE('逐重复计算'!D13,'逐重复计算'!D14,'逐重复计算'!D15) | E10: =AVERAGE('逐重复计算'!E13,'逐重复计算'!E14,'逐重复计算'!E15) | F10: =AVERAGE('逐重复计算'!F13,'逐重复计算'!F14,'逐重复计算'!F15)
C11: Sample SD | D11: =STDEV.S('逐重复计算'!D13,'逐重复计算'!D14,'逐重复计算'!D15) | E11: =STDEV.S('逐重复计算'!E13,'逐重复计算'!E14,'逐重复计算'!E15) | F11: =STDEV.S('逐重复计算'!F13,'逐重复计算'!F14,'逐重复计算'!F15)
B12: Cytoplasmic p65 fraction | C12: Mean | D12: =AVERAGE('逐重复计算'!D16,'逐重复计算'!D17,'逐重复计算'!D18) | E12: =AVERAGE('逐重复计算'!E16,'逐重复计算'!E17,'逐重复计算'!E18) | F12: =AVERAGE('逐重复计算'!F16,'逐重复计算'!F17,'逐重复计算'!F18)
C13: Sample SD | D13: =STDEV.S('逐重复计算'!D16,'逐重复计算'!D17,'逐重复计算'!D18) | E13: =STDEV.S('逐重复计算'!E16,'逐重复计算'!E17,'逐重复计算'!E18) | F13: =STDEV.S('逐重复计算'!F16,'逐重复计算'!F17,'逐重复计算'!F18)

Sheet ANOVA
B1: 单因素方差分析（公式）
B3: 指标 | C3: N | D3: df between | E3: df error | F3: SS between | G3: SS error | H3: MS error | I3: F | J3: P
B4: p-IκBα/IκBα | C4: 9 | D4: 2 | E4: 6 | F4: =3*SUMPRODUCT(('组均值与SD'!D4:F4-AVERAGE('组均值与SD'!D4:F4))^2) | G4: =2*SUMPRODUCT('组均值与SD'!D5:F5^2) | H4: =G4/E4 | I4: =(F4/C4)/H4 | J4: =F.DIST.RT(I4,D4,E4)
B5: p-p65/p65 | C5: 9 | D5: 2 | E5: 6 | F5: =3*SUMPRODUCT(('组均值与SD'!D6:F6-AVERAGE('组均值与SD'!D6:F6))^2) | G5: =2*SUMPRODUCT('组均值与SD'!D7:F7^2) | H5: =G5/E5 | I5: =(F5/C5)/H5 | J5: =F.DIST.RT(I5,D5,E5)
B6: Nuclear/Cytoplasmic p65 | C6: 9 | D6: 2 | E6: 6 | F6: =3*SUMPRODUCT(('组均值与SD'!D8:F8-AVERAGE('组均值与SD'!D8:F8))^2) | G6: =2*SUMPRODUCT('组均值与SD'!D9:F9^2) | H6: =G6/E6 | I6: =(F6/C6)/H6 | J6: =F.DIST.RT(I6,D6,E6)
B7: Nuclear p65 fraction | C7: 9 | D7: 2 | E7: 6 | F7: =3*SUMPRODUCT(('组均值与SD'!D10:F10-AVERAGE('组均值与SD'!D10:F10))^2) | G7: =2*SUMPRODUCT('组均值与SD'!D11:F11^2) | H7: =G7/E7 | I7: =(F7/C7)/H7 | J7: =F.DIST.RT(I7,D7,E7)
B8: Cytoplasmic p65 fraction | C8: 9 | D8: 2 | E8: 6 | F8: =3*SUMPRODUCT(('组均值与SD'!D12:F12-AVERAGE('组均值与SD'!D12:F12))^2) | G8: =2*SUMPRODUCT('组均值与SD'!D13:F13^2) | H8: =G8/E8 | I8: =(F8/C8)/H8 | J8: =F.DIST.RT(I8,D8,E8)

Sheet 两两比较
B1: 两两 Student t 检验与 Bonferroni 校正（公式）
B3: 指标 | C3: 比较 | D3: 均值1 | E3: 均值2 | F3: t | G3: df | H3: 原始 P | I3: Bonferroni P
B4: p-IκBα/IκBα | C4: Control vs HKSA+Baicalein | D4: ='组均值与SD'!D4 | E4: ='组均值与SD'!E4 | F4: =(D4-E4)/SQRT('组均值与SD'!D5^2/3+'组均值与SD'!E5^2/3) | G4: 4 | H4: =T.DIST.2T(ABS(F4),G4) | I4: =MIN(1,3*H4)
B5: p-IκBα/IκBα | C5: Control vs HKSA | D5: ='组均值与SD'!D4 | E5: ='组均值与SD'!F4 | F5: =(D5-E5)/SQRT('组均值与SD'!D5^2/3+'组均值与SD'!F5^2/3) | G5: 4 | H5: =T.DIST.2T(ABS(F5),G5) | I5: =MIN(1,3*H5)
B6: p-IκBα/IκBα | C6: HKSA+Baicalein vs HKSA | D6: ='组均值与SD'!E4 | E6: ='组均值与SD'!F4 | F6: =(D6-E6)/SQRT('组均值与SD'!E5^2/3+'组均值与SD'!F5^2/3) | G6: 4 | H6: =T.DIST.2T(ABS(F6),G6) | I6: =MIN(1,3*H6)
B7: p-p65/p65 | C7: Control vs HKSA+Baicalein | D7: ='组均值与SD'!D6 | E7: ='组均值与SD'!E6 | F7: =(D7-E7)/SQRT('组均值与SD'!D7^2/3+'组均值与SD'!E7^2/3) | G7: 4 | H7: =T.DIST.2T(ABS(F7),G7) | I7: =MIN(1,3*H7)
B8: p-p65/p65 | C8: Control vs HKSA | D8: ='组均值与SD'!D6 | E8: ='组均值与SD'!F6 | F8: =(D8-E8)/SQRT('组均值与SD'!D7^2/3+'组均值与SD'!F7^2/3) | G8: 4 | H8: =T.DIST.2T(ABS(F8),G8) | I8: =MIN(1,3*H8)
B9: p-p65/p65 | C9: HKSA+Baicalein vs HKSA | D9: ='组均值与SD'!E6 | E9: ='组均值与SD'!F6 | F9: =(D9-E9)/SQRT('组均值与SD'!E7^2/3+'组均值与SD'!F7^2/3) | G9: 4 | H9: =T.DIST.2T(ABS(F9),G9) | I9: =MIN(1,3*H9)
B10: Nuclear/Cytoplasmic p65 | C10: Control vs HKSA+Baicalein | D10: ='组均值与SD'!D8 | E10: ='组均值与SD'!E8 | F10: =(D10-E10)/SQRT('组均值与SD'!D9^2/3+'组均值与SD'!E9^2/3) | G10: 4 | H10: =T.DIST.2T(ABS(F10),G10) | I10: =MIN(1,3*H10)
B11: Nuclear/Cytoplasmic p65 | C11: Control vs HKSA | D11: ='组均值与SD'!D8 | E11: ='组均值与SD'!F8 | F11: =(D11-E11)/SQRT('组均值与SD'!D9^2/3+'组均值与SD'!F9^2/3) | G11: 4 | H11: =T.DIST.2T(ABS(F11),G11) | I11: =MIN(1,3*H11)
B12: Nuclear/Cytoplasmic p65 | C12: HKSA+Baicalein vs HKSA | D12: ='组均值与SD'!E8 | E12: ='组均值与SD'!F8 | F12: =(D12-E12)/SQRT('组均值与SD'!E9^2/3+'组均值与SD'!F9^2/3) | G12: 4 | H12: =T.DIST.2T(ABS(F12),G12) | I12: =MIN(1,3*H12)
B13: Nuclear p65 fraction | C13: Control vs HKSA+Baicalein | D13: ='组均值与SD'!D10 | E13: ='组均值与SD'!E10 | F13: =(D13-E13)/SQRT('组均值与SD'!D11^2/3+'组均值与SD'!E11^2/3) | G13: 4 | H13: =T.DIST.2T(ABS(F13),G13) | I13: =MIN(1,3*H13)
B14: Nuclear p65 fraction | C14: Control vs HKSA | D14: ='组均值与SD'!D10 | E14: ='组均值与SD'!F10 | F14: =(D14-E14)/SQRT('组均值与SD'!D11^2/3+'组均值与SD'!F11^2/3) | G14: 4 | H14: =T.DIST.2T(ABS(F14),G14) | I14: =MIN(1,3*H14)
B15: Nuclear p65 fraction | C15: HKSA+Baicalein vs HKSA | D15: ='组均值与SD'!E10 | E15: ='组均值与SD'!F10 | F15: =(D15-E15)/SQRT('组均值与SD'!E11^2/3+'组均值与SD'!F11^2/3) | G15: 4 | H15: =T.DIST.2T(ABS(F15),G15) | I15: =MIN(1,3*H15)
B16: Cytoplasmic p65 fraction | C16: Control vs HKSA+Baicalein | D16: ='组均值与SD'!D12 | E16: ='组均值与SD'!E12 | F16: =(D16-E16)/SQRT('组均值与SD'!D13^2/3+'组均值与SD'!E13^2/3) | G16: 4 | H16: =T.DIST.2T(ABS(F16),G16) | I16: =MIN(1,3*H16)
B17: Cytoplasmic p65 fraction | C17: Control vs HKSA | D17: ='组均值与SD'!D12 | E17: ='组均值与SD'!F12 | F17: =(D17-E17)/SQRT('组均值与SD'!D13^2/3+'组均值与SD'!F13^2/3) | G17: 4 | H17: =T.DIST.2T(ABS(F17),G17) | I17: =MIN(1,3*H17)
B18: Cytoplasmic p65 fraction | C18: HKSA+Baicalein vs HKSA | D18: ='组均值与SD'!E12 | E18: ='组均值与SD'!F12 | F18: =(D18-E18)/SQRT('组均值与SD'!E13^2/3+'组均值与SD'!F13^2/3) | G18: 4 | H18: =T.DIST.2T(ABS(F18),G18) | I18: =MIN(1,3*H18)

Sheet 现稿核对
B1: 与 v91 正文数值逐项核对
B3: 指标 | C3: 分组 | D3: v91 Mean | E3: v91 SD | F3: 重算 Mean | G3: 重算 SD | H3: Mean 差 | I3: SD 差 | J3: 三位小数核对
B4: p-IκBα/IκBα | C4: Control | D4: 0.265 | E4: 0.026 | F4: ='组均值与SD'!D4 | G4: ='组均值与SD'!D5 | H4: =F4-D4 | I4: =G4-E4 | J4: =IF(AND(ROUND(F4,3)=D4,ROUND(G4,3)=E4),"一致","需核查")
B5: p-IκBα/IκBα | C5: HKSA+Baicalein | D5: 0.513 | E5: 0.042 | F5: ='组均值与SD'!E4 | G5: ='组均值与SD'!E5 | H5: =F5-D5 | I5: =G5-E5 | J5: =IF(AND(ROUND(F5,3)=D5,ROUND(G5,3)=E5),"一致","需核查")
B6: p-IκBα/IκBα | C6: HKSA | D6: 0.965 | E6: 0.022 | F6: ='组均值与SD'!F4 | G6: ='组均值与SD'!F5 | H6: =F6-D6 | I6: =G6-E6 | J6: =IF(AND(ROUND(F6,3)=D6,ROUND(G6,3)=E6),"一致","需核查")
B7: p-p65/p65 | C7: Control | D7: 0.124 | E7: 0.004 | F7: ='组均值与SD'!D6 | G7: ='组均值与SD'!D7 | H7: =F7-D7 | I7: =G7-E7 | J7: =IF(AND(ROUND(F7,3)=D7,ROUND(G7,3)=E7),"一致","需核查")
B8: p-p65/p65 | C8: HKSA+Baicalein | D8: 0.381 | E8: 0.012 | F8: ='组均值与SD'!E6 | G8: ='组均值与SD'!E7 | H8: =F8-D8 | I8: =G8-E8 | J8: =IF(AND(ROUND(F8,3)=D8,ROUND(G8,3)=E8),"一致","需核查")
B9: p-p65/p65 | C9: HKSA | D9: 0.775 | E9: 0.003 | F9: ='组均值与SD'!F6 | G9: ='组均值与SD'!F7 | H9: =F9-D9 | I9: =G9-E9 | J9: =IF(AND(ROUND(F9,3)=D9,ROUND(G9,3)=E9),"一致","需核查")
B10: Nuclear/Cytoplasmic p65 | C10: Control | D10: 0.232 | E10: 0.013 | F10: ='组均值与SD'!D8 | G10: ='组均值与SD'!D9 | H10: =F10-D10 | I10: =G10-E10 | J10: =IF(AND(ROUND(F10,3)=D10,ROUND(G10,3)=E10),"一致","需核查")
B11: Nuclear/Cytoplasmic p65 | C11: HKSA+Baicalein | D11: 1.005 | E11: 0.08 | F11: ='组均值与SD'!E8 | G11: ='组均值与SD'!E9 | H11: =F11-D11 | I11: =G11-E11 | J11: =IF(AND(ROUND(F11,3)=D11,ROUND(G11,3)=E11),"一致","需核查")
B12: Nuclear/Cytoplasmic p65 | C12: HKSA | D12: 3.822 | E12: 0.139 | F12: ='组均值与SD'!F8 | G12: ='组均值与SD'!F9 | H12: =F12-D12 | I12: =G12-E12 | J12: =IF(AND(ROUND(F12,3)=D12,ROUND(G12,3)=E12),"一致","需核查")
B13: Nuclear p65 fraction | C13: Control | D13: 0.188 | E13: 0.009 | F13: ='组均值与SD'!D10 | G13: ='组均值与SD'!D11 | H13: =F13-D13 | I13: =G13-E13 | J13: =IF(AND(ROUND(F13,3)=D13,ROUND(G13,3)=E13),"一致","需核查")
B14: Nuclear p65 fraction | C14: HKSA+Baicalein | D14: 0.501 | E14: 0.02 | F14: ='组均值与SD'!E10 | G14: ='组均值与SD'!E11 | H14: =F14-D14 | I14: =G14-E14 | J14: =IF(AND(ROUND(F14,3)=D14,ROUND(G14,3)=E14),"一致","需核查")
B15: Nuclear p65 fraction | C15: HKSA | D15: 0.792 | E15: 0.006 | F15: ='组均值与SD'!F10 | G15: ='组均值与SD'!F11 | H15: =F15-D15 | I15: =G15-E15 | J15: =IF(AND(ROUND(F15,3)=D15,ROUND(G15,3)=E15),"一致","需核查")

Sheet 原文件清单
B1: WB 原始资料文件清单与 SHA-256
B3: 文件名 | C3: 字节数 | D3: 像素尺寸 | E3: SHA-256
B4: 022.pptx | C4: 3487473 | E4: 9bf77e98b4a8105bdf7b6946e001b0a10787d170e0ccd394bbc5125021eab0de
B5: 044.pptx | C5: 98775 | E5: c56f02fd153ea6a4a4d2a5eea0e049bb4c97858868c3063c387c43f5de2cd640
B6: 10.14灰度值(1).xlsx | C6: 140161 | E6: c485c61e61cfc0aa27d7dbb23b74172a9c00f44f3330ba9fcb537feab9b5a70e
B7: 10144(1).rar | C7: 8471352 | E7: abd8d9cc8b42d0f5d9ec941a32b73d2b9f8fa303edc0c3f88abf1e051d1ed6cc
B8: ea384639fcf23194e772899e4eb8a958.jpg | C8: 129773 | D8: 1920×1080 | E8: ede72b8462912822f58227510b2cf186a534c72439376fc52510f6ebc1713d30

Sheet 来源说明
B1: 来源与核对口径
B3: 灰度工作簿 | C3: 06_source_material/wetlab_wb_raw_20261030/10.14灰度值(1).xlsx
B4: 原始膜目录 | C4: 06_source_material/wetlab_wb_raw_20261030/
B5: 正文基线 | C5: 01_manuscript/SHXD_PJI_中文全稿_v91_MD参数与ELISA重复伦理核定.docx
B6: 缩略核对图 | C6: 07_audit/wb_raw_20261030/
B7: 计算定义 | C7: p-IκBα/IκBα 与 p-p65/p65 为同次重复内直比；核/质 p65 为 Nuclear/Cytoplasmic；核占比为 Nuclear/(Nuclear+Cytoplasmic)。
B8: 统计定义 | C8: 均值与样本 SD，n=3；one-way ANOVA；两两比较采用等方差 Student t 检验（每对 df=4），3 次比较 Bonferroni 校正，与现稿统计管线一致。
B9: 内参说明 | C9: 用户确认沿用此前稿件的 β-actin；附件中其他内参记录不覆盖本次选择。
B10: 外部来源 URL | C10: 无；本工作簿只使用本地原始实验文件与现稿。
